n_cases,WT,TC,ET,RC,mean_wt_tc_et
144,0.8858365374416677,0.6696364806764645,0.6697984756645492,0.706746833713134,0.7417571645942271
