n_cases,WT,TC,ET,RC,mean_wt_tc_et,dice_1_netc,dice_2_snf_h,dice_3_et,dice_4_rc
144,0.8858370717286956,0.669634257205994,0.6697958696947345,0.7380776281356183,0.7417557328764742,0.6933518514511641,0.8734747411298129,0.6697958696947345,0.7380776281356183
